{
  "mainAssemblyName": "ABSystemsPE",
  "resources": {
    "hash": "sha256-bp2XxZn7+wmkh4XynRt41rQ2NMYeQV2CjBFG0BtYOvc=",
    "jsModuleNative": {
      "dotnet.native.8.0.17.z20qtgadiw.js": "sha256-3HZ52x+8yne6v3PFF0PCuJ0GMsv8fAp3sXAOwLYGZQk="
    },
    "jsModuleRuntime": {
      "dotnet.runtime.8.0.17.1mvquaiy0n.js": "sha256-nlm9ZX+9Z8SHWuCfVhHT5pkK9QzTgBn3opfL6mMas20="
    },
    "wasmNative": {
      "dotnet.native.wasm": "sha256-3yxUlSiLzuOtRQMorjg0REUYE45qlWNraTTD3Zmfqr0="
    },
    "icu": {
      "icudt_CJK.dat": "sha256-SZLtQnRc0JkwqHab0VUVP7T3uBPSeYzxzDnpxPpUnHk=",
      "icudt_EFIGS.dat": "sha256-8fItetYY8kQ0ww6oxwTLiT3oXlBwHKumbeP2pRF4yTc=",
      "icudt_no_CJK.dat": "sha256-L7sV7NEYP37/Qr2FPCePo5cJqRgTXRwGHuwF5Q+0Nfs="
    },
    "assembly": {
      "ABSystemsPE.wasm": "sha256-EOX18Ci1GGZbhyWQSM6BnIBWx62IbcQ8U2Z9A59doNY=",
      "Microsoft.AspNetCore.Components.Forms.wasm": "sha256-QTsY5p0ri0c/tCKcwP0fvlcxxsdlgFe8NqqNXgUQz0Y=",
      "Microsoft.AspNetCore.Components.wasm": "sha256-+zlhxgEjZP8jtnrBpnKQRbeSNLF/tVh4DNdWm6XME1c=",
      "Microsoft.AspNetCore.Components.Web.wasm": "sha256-FRWnQ2nuE4FljebQK8yHtRMaZixiQv5+rPs9dUz4hlI=",
      "Microsoft.AspNetCore.Components.WebAssembly.wasm": "sha256-nn9otqFN153ygJIyrL3uUy/aGba0FyCleVM6gkBn1t0=",
      "Microsoft.Extensions.Configuration.Abstractions.wasm": "sha256-87sn2TYqgdZ95sXmavjKEzoEfMgHnYQ9LOvnMX+aZcI=",
      "Microsoft.Extensions.Configuration.Json.wasm": "sha256-/VUEfhgVp9FCU1rXnSNAI1mtW6EO5DpkV/5UNWDR/es=",
      "Microsoft.Extensions.Configuration.wasm": "sha256-jYqHUZ07UYWc8POk7xhas6xQYH7t1qoTcylqoDqncJk=",
      "Microsoft.Extensions.DependencyInjection.Abstractions.wasm": "sha256-uQeufpGtgpIncwfFvH9RfbICG1sZ6ub5Cct24Bphpa4=",
      "Microsoft.Extensions.DependencyInjection.wasm": "sha256-T/+qPF0RWC8dfbLNFgoTfla+JM2H3eY5L17aqODwzFc=",
      "Microsoft.Extensions.Logging.Abstractions.wasm": "sha256-gUR95z2sF2utY8CQmGUu6Y/TXkMMj3e7z9LVgpz23U0=",
      "Microsoft.Extensions.Logging.wasm": "sha256-gRNqDIITN9/LJz459bgijHJ1O+l5fzsybyrFhw0Iqa4=",
      "Microsoft.Extensions.Options.wasm": "sha256-ezKJDNjeghS/qMdQmUpBPdH7bCDLrqkNqS6RsLxlpOY=",
      "Microsoft.Extensions.Primitives.wasm": "sha256-Ms2HR5Gpug/0uRAzdk4SUNT76Ml3CjFv9Jo+dUIMGac=",
      "Microsoft.JSInterop.wasm": "sha256-G7VpyL0g4TJHSRuVP55xKqtxZMghBQ4rYMpkTq5iixs=",
      "Microsoft.JSInterop.WebAssembly.wasm": "sha256-pRt0V4/7siThd+H5pxT7PU3p8Aa1awEKr7GpzXUwcbQ=",
      "System.Collections.Concurrent.wasm": "sha256-E+TyA7QUVA4T5aazMu7lIp94Ke1dLg1r+WgdRPTMKN4=",
      "System.Collections.NonGeneric.wasm": "sha256-CXoIW1Z0/+DQkR0J6qnla/KwHaFoy5qrEA8LD2ii4e0=",
      "System.Collections.Specialized.wasm": "sha256-L9dtbTiCtpf+sdDfKc4cpPcX0AXTVRYrUiy4mX97EeQ=",
      "System.Collections.wasm": "sha256-nRYW2ql/44lqfEWifigT8Y4LUMM7ztt4N+TM2bFsg3c=",
      "System.ComponentModel.Annotations.wasm": "sha256-zBx/ln9N5Cl3pGPlCHRarRRWoJ6YySUftjWDvMGRVPc=",
      "System.ComponentModel.Primitives.wasm": "sha256-OO5lKqPWnlmW4YN/ZyvghqI5dbMu2nBnCGMlp4DSyEA=",
      "System.ComponentModel.TypeConverter.wasm": "sha256-PmwqbgGEldMb7yqsxWIv9oYJNUQBz8b3Odlw/re0bvg=",
      "System.ComponentModel.wasm": "sha256-zbgv4Lm7g6D7rigjCEgzlAdhhZJ90frcoj8295S3b6M=",
      "System.Console.wasm": "sha256-KEBQug1WPf+dQHHbEOKzAFtHyBgRp/5pOsiqh2KSzl8=",
      "System.Diagnostics.DiagnosticSource.wasm": "sha256-C5WZxShGDgAg2GefbD6XGN5YnxTHhXdzBOoMUKflzik=",
      "System.Linq.Expressions.wasm": "sha256-Fw0MLlPy+xpBiD954SJ175AgC9OSwbgOk6bgNNHFehM=",
      "System.Linq.wasm": "sha256-QPfiEZ/d5VTCq+ui83m1EjVuqWFm6KYrDLD3jM8XHOg=",
      "System.Memory.wasm": "sha256-rD8ByCUsQSfZW69KfEjeDZybqcaMoAV5IWcDfzr2aPY=",
      "System.Net.Http.Json.wasm": "sha256-Nbu34cXLvK+nWlAXXa01zOGVTSfbCkbTOQqliTPFgz0=",
      "System.Net.Http.wasm": "sha256-Cf7d/xTs/wG5kKT4wiOS9f3gaDzL+IemBE4n0xK0p1M=",
      "System.Net.Primitives.wasm": "sha256-Rjexva+5zDpTf4XM1Pce4tmvNHfQ3zCY8L/qBfXQbXQ=",
      "System.ObjectModel.wasm": "sha256-0hAzLMK8LVnYd+IYPpl3T0fMzVXYY1ub1hmuLTBTjqc=",
      "System.Private.CoreLib.wasm": "sha256-ybLgmNCDp7miGPUtsYP0N3Se3fEw8IfjLFC3VGfea/c=",
      "System.Private.Uri.wasm": "sha256-+YM4WiM3YW/IzV6XZgqHge0y95LbXexEuerYbL23A98=",
      "System.Runtime.InteropServices.JavaScript.wasm": "sha256-jLoyR7h/op0JwF4LgH9WDDRfomfIdJz/Vb0uKYFtm8o=",
      "System.Runtime.Serialization.Primitives.wasm": "sha256-ycolxHZeC0iXRYslFoUoLH46yoXK8F9w0N2WEtfUc/w=",
      "System.Runtime.wasm": "sha256-kL7xSeKBr73gRS2rO2Bykob882kcpVcofglv/grUU+E=",
      "System.Text.Encodings.Web.wasm": "sha256-qTV8y7NZy+FQqtrXXjKwqWBWSgOGC9s1eKOXrjizwqg=",
      "System.Text.Json.wasm": "sha256-+aJ2DRRRd10Bb3jZS2Tqt5vT42DPfRNRmwUZdNRd8ns=",
      "System.Text.RegularExpressions.wasm": "sha256-SvqmvC/M70Q6KcAgW2ssFWxQpLMZy43T/qnsQwHszWM=",
      "System.wasm": "sha256-oCMin0v6w5RX3xYQerDd5jCsqgKwUGLf8yf4/BEQVNk="
    }
  },
  "cacheBootResources": true,
  "debugLevel": 0,
  "linkerEnabled": true,
  "globalizationMode": "sharded",
  "extensions": {
    "blazor": {}
  }
}